{"train_time": {"start": 1688075388.2364464, "stop": 1688075407.5711749}, "predict_time": {"start": 1688075407.5711782, "stop": 1688075407.5758717}, "metrics": {"BRONZE": {"precision": 0.43421504637581587, "recall": 0.2306990326701953, "f1-score": 0.301311084624553, "support": 5479}, "CHALLENGER": {"precision": 0.0, "recall": 0.0, "f1-score": 0.0, "support": 0}, "DIAMOND": {"precision": 0.28034188034188035, "recall": 0.06332046332046332, "f1-score": 0.10330708661417322, "support": 2590}, "GOLD": {"precision": 0.35920030320257723, "recall": 0.6557688981145131, "f1-score": 0.46415671870217323, "support": 11562}, "GRANDMASTER": {"precision": 0.0, "recall": 0.0, "f1-score": 0.0, "support": 8}, "IRON": {"precision": 0.4797297297297297, "recall": 0.07473684210526316, "f1-score": 0.12932604735883424, "support": 950}, "MASTER": {"precision": 0.25773195876288657, "recall": 0.03094059405940594, "f1-score": 0.055248618784530384, "support": 808}, "PLATINUM": {"precision": 0.26040268456375837, "recall": 0.0333849595594562, "f1-score": 0.05918242830994509, "support": 5811}, "SILVER": {"precision": 0.39075829383886257, "recall": 0.4477733526430123, "f1-score": 0.41732748439345374, "support": 11048}, "accuracy": 0.3724121706398996, "macro avg": {"precision": 0.2735977663128345, "recall": 0.1707360158302566, "f1-score": 0.16998438542085145, "support": 38256}, "weighted avg": {"precision": 0.3594864050361296, "recall": 0.3724121706398996, "f1-score": 0.3243170361794208, "support": 38256}}, "accuracy": 0.3724121706398996}