{"train_time": {"start": 1688075613.2413368, "stop": 1688075613.7630835}, "predict_time": {"start": 1688075613.763086, "stop": 1688075613.784774}, "metrics": {"BRONZE": {"precision": 0.4350068775790922, "recall": 0.23088154772768754, "f1-score": 0.3016573268153094, "support": 5479}, "CHALLENGER": {"precision": 0.0, "recall": 0.0, "f1-score": 0.0, "support": 0}, "DIAMOND": {"precision": 0.28061224489795916, "recall": 0.0637065637065637, "f1-score": 0.1038388923851479, "support": 2590}, "GOLD": {"precision": 0.35913958116175493, "recall": 0.6555959176613043, "f1-score": 0.4640626913187217, "support": 11562}, "GRANDMASTER": {"precision": 0.0, "recall": 0.0, "f1-score": 0.0, "support": 8}, "IRON": {"precision": 0.4827586206896552, "recall": 0.07368421052631578, "f1-score": 0.1278538812785388, "support": 950}, "MASTER": {"precision": 0.26666666666666666, "recall": 0.0297029702970297, "f1-score": 0.0534521158129176, "support": 808}, "PLATINUM": {"precision": 0.2608695652173913, "recall": 0.03304078471863707, "f1-score": 0.05865281808461891, "support": 5811}, "SILVER": {"precision": 0.3912323582748561, "recall": 0.4491310644460536, "f1-score": 0.41818718132400656, "support": 11048}, "micro avg": {"precision": 0.37269970723546636, "recall": 0.37269970723546636, "f1-score": 0.37269970723546636, "support": 38256}, "macro avg": {"precision": 0.2751428793874862, "recall": 0.17063811767595463, "f1-score": 0.16974498966880677, "support": 38256}, "weighted avg": {"precision": 0.36007151108203894, "recall": 0.37269970723546636, "f1-score": 0.32446753617405033, "support": 38256}}, "accuracy": 0.37269970723546636}