{"train_time": {"start": 1688075696.7019763, "stop": 1688075718.9466634}, "predict_time": {"start": 1688075718.9466634, "stop": 1688075718.9526649}, "metrics": {"BRONZE": {"precision": 0.4347975291695264, "recall": 0.23124657784267202, "f1-score": 0.3019182652210175, "support": 5479}, "CHALLENGER": {"precision": 0.0, "recall": 0.0, "f1-score": 0.0, "support": 0}, "DIAMOND": {"precision": 0.2791095890410959, "recall": 0.06293436293436293, "f1-score": 0.10270951480781347, "support": 2590}, "GOLD": {"precision": 0.3593120765622779, "recall": 0.6559418785677218, "f1-score": 0.46429336680033056, "support": 11562}, "GRANDMASTER": {"precision": 0.0, "recall": 0.0, "f1-score": 0.0, "support": 8}, "IRON": {"precision": 0.4797297297297297, "recall": 0.07473684210526316, "f1-score": 0.12932604735883424, "support": 950}, "MASTER": {"precision": 0.25, "recall": 0.03094059405940594, "f1-score": 0.055066079295154176, "support": 808}, "PLATINUM": {"precision": 0.2574123989218329, "recall": 0.0328686972982275, "f1-score": 0.05829391118571647, "support": 5811}, "SILVER": {"precision": 0.3912150418707537, "recall": 0.44822592324402605, "f1-score": 0.4177845271239349, "support": 11048}, "accuracy": 0.37256900878293603, "macro avg": {"precision": 0.2723973739216908, "recall": 0.1707660973390755, "f1-score": 0.16993241242142237, "support": 38256}, "weighted avg": {"precision": 0.35903456198022354, "recall": 0.37256900878293603, "f1-score": 0.3243980090984531, "support": 38256}}, "accuracy": 0.37256900878293603}