{"alpha": 3.1168812638097956, "xmin": 48.0, "llratio": 366.11562922958774, "p_value": 2.5625567692003894e-14, "average_degree": [34.97050709848162, 0.16815089175692952]}