{"train_time": {"start": 1688076041.9949727, "stop": 1688076064.5581288}, "predict_time": {"start": 1688076064.5581288, "stop": 1688076064.5641294}, "metrics": {"BRONZE": {"precision": 0.28325046612802984, "recall": 0.3327249498083592, "f1-score": 0.30600083927822075, "support": 5479}, "CHALLENGER": {"precision": 0.0, "recall": 0.0, "f1-score": 0.0, "support": 0}, "DIAMOND": {"precision": 0.1393097643097643, "recall": 0.2555984555984556, "f1-score": 0.1803323345137565, "support": 2590}, "GOLD": {"precision": 0.3944387229660144, "recall": 0.19875454073689672, "f1-score": 0.26432022084195994, "support": 11562}, "GRANDMASTER": {"precision": 0.003005259203606311, "recall": 0.5, "f1-score": 0.00597460791635549, "support": 8}, "IRON": {"precision": 0.15837563451776648, "recall": 0.6568421052631579, "f1-score": 0.25521472392638034, "support": 950}, "MASTER": {"precision": 0.10034510220334483, "recall": 0.46782178217821785, "f1-score": 0.16524590163934424, "support": 808}, "PLATINUM": {"precision": 0.21484928181266438, "recall": 0.18275684047496127, "f1-score": 0.19750790403570764, "support": 5811}, "SILVER": {"precision": 0.38639812387915573, "recall": 0.2535300506879073, "f1-score": 0.3061704104498005, "support": 11048}, "accuracy": 0.25230029276453364, "macro avg": {"precision": 0.1866635950022607, "recall": 0.31644763608310617, "f1-score": 0.18675188251128058, "support": 38256}, "weighted avg": {"precision": 0.31948498261937835, "recall": 0.25230029276453364, "f1-score": 0.264168217698913, "support": 38256}}, "accuracy": 0.25230029276453364}