{"train_time": {"start": 1688074069.9322062, "stop": 1688074069.9472091}, "predict_time": {"start": 1688074069.9472091, "stop": 1688074072.5428445}, "metrics": {"BRONZE": {"precision": 0.23204994797086367, "recall": 0.24420514692462128, "f1-score": 0.2379724321920854, "support": 5479}, "CHALLENGER": {"precision": 0.0, "recall": 0.0, "f1-score": 0.0, "support": 0}, "DIAMOND": {"precision": 0.13253012048192772, "recall": 0.10193050193050193, "f1-score": 0.1152335224792667, "support": 2590}, "GOLD": {"precision": 0.32537858700135525, "recall": 0.477599031309462, "f1-score": 0.3870605965022956, "support": 11562}, "GRANDMASTER": {"precision": 0.0, "recall": 0.0, "f1-score": 0.0, "support": 8}, "IRON": {"precision": 0.2331288343558282, "recall": 0.04, "f1-score": 0.06828391734052111, "support": 950}, "MASTER": {"precision": 0.08982035928143713, "recall": 0.018564356435643563, "f1-score": 0.030769230769230764, "support": 808}, "PLATINUM": {"precision": 0.19252245690701628, "recall": 0.13646532438478748, "f1-score": 0.159718026183283, "support": 5811}, "SILVER": {"precision": 0.3250716016743776, "recall": 0.2671071687183201, "f1-score": 0.2932525091920898, "support": 11048}, "micro avg": {"precision": 0.2854715600167294, "recall": 0.2854715600167294, "f1-score": 0.2854715600167294, "support": 38256}, "macro avg": {"precision": 0.17005576751920062, "recall": 0.14287461441148178, "f1-score": 0.1435878038509747, "support": 38256}, "weighted avg": {"precision": 0.2713526818071115, "recall": 0.2854715600167294, "f1-score": 0.270159107789669, "support": 38256}}, "accuracy": 0.2854715600167294}