{"train_time": {"start": 1688075985.2312047, "stop": 1688076003.5272174}, "predict_time": {"start": 1688076003.5272214, "stop": 1688076003.5319078}, "metrics": {"BRONZE": {"precision": 0.2826120676283543, "recall": 0.3325424347508669, "f1-score": 0.30555089719939627, "support": 5479}, "CHALLENGER": {"precision": 0.0, "recall": 0.0, "f1-score": 0.0, "support": 0}, "DIAMOND": {"precision": 0.13943721125577488, "recall": 0.25637065637065637, "f1-score": 0.18063112078346025, "support": 2590}, "GOLD": {"precision": 0.3946011004126547, "recall": 0.19849507005708356, "f1-score": 0.26412705719875706, "support": 11562}, "GRANDMASTER": {"precision": 0.0030075187969924814, "recall": 0.5, "f1-score": 0.005979073243647235, "support": 8}, "IRON": {"precision": 0.15853658536585366, "recall": 0.6568421052631579, "f1-score": 0.25542365943512074, "support": 950}, "MASTER": {"precision": 0.100132802124834, "recall": 0.4665841584158416, "f1-score": 0.16488082221736278, "support": 808}, "PLATINUM": {"precision": 0.21536905965621841, "recall": 0.18327310273619, "f1-score": 0.19802900706582371, "support": 5811}, "SILVER": {"precision": 0.38592132505175986, "recall": 0.25307748008689357, "f1-score": 0.3056907013611764, "support": 11048}, "accuracy": 0.25216959431200336, "macro avg": {"precision": 0.18662418558804916, "recall": 0.3163538897422989, "f1-score": 0.1867013709449716, "support": 38256}, "weighted avg": {"precision": 0.3193920259268678, "recall": 0.25216959431200336, "f1-score": 0.2640037234947565, "support": 38256}}, "accuracy": 0.25216959431200336}