{"train_time": {"start": 1688075979.3422723, "stop": 1688075979.8034346}, "predict_time": {"start": 1688075979.8034356, "stop": 1688075979.8103878}, "metrics": {"BRONZE": {"precision": 0.4345442083618917, "recall": 0.23142909290016425, "f1-score": 0.3020126235560319, "support": 5479}, "CHALLENGER": {"precision": 0.0, "recall": 0.0, "f1-score": 0.0, "support": 0}, "DIAMOND": {"precision": 0.2747068676716918, "recall": 0.06332046332046332, "f1-score": 0.10291810480075304, "support": 2590}, "GOLD": {"precision": 0.35927717700626066, "recall": 0.6551634665282823, "f1-score": 0.4640691049439441, "support": 11562}, "GRANDMASTER": {"precision": 0.0, "recall": 0.0, "f1-score": 0.0, "support": 8}, "IRON": {"precision": 0.47368421052631576, "recall": 0.07578947368421053, "f1-score": 0.1306715063520871, "support": 950}, "MASTER": {"precision": 0.26262626262626265, "recall": 0.03217821782178218, "f1-score": 0.05733186328555678, "support": 808}, "PLATINUM": {"precision": 0.2646657571623465, "recall": 0.0333849595594562, "f1-score": 0.05929095354523227, "support": 5811}, "SILVER": {"precision": 0.3911465319971593, "recall": 0.4486784938450398, "f1-score": 0.41794190801399606, "support": 11048}, "micro avg": {"precision": 0.3726474278544542, "recall": 0.3726474278544542, "f1-score": 0.3726474278544542, "support": 38256}, "macro avg": {"precision": 0.27340566837243646, "recall": 0.17110490751771096, "f1-score": 0.17047067383306683, "support": 38256}, "weighted avg": {"precision": 0.35988819651839987, "recall": 0.3726474278544542, "f1-score": 0.3246360323771047, "support": 38256}}, "accuracy": 0.3726474278544542}