{"train_time": {"start": 1688074065.8491094, "stop": 1688074069.7211578}, "predict_time": {"start": 1688074069.7211578, "stop": 1688074069.8961978}, "metrics": {"BRONZE": {"precision": 0.42857142857142855, "recall": 0.17576200036503012, "f1-score": 0.2492881180429718, "support": 5479}, "CHALLENGER": {"precision": 0.0, "recall": 0.0, "f1-score": 0.0, "support": 0}, "DIAMOND": {"precision": 0.33974358974358976, "recall": 0.020463320463320462, "f1-score": 0.03860160233066278, "support": 2590}, "GOLD": {"precision": 0.34417103293413176, "recall": 0.6363085971285245, "f1-score": 0.44671807638593725, "support": 11562}, "GRANDMASTER": {"precision": 0.0, "recall": 0.0, "f1-score": 0.0, "support": 8}, "IRON": {"precision": 0.631578947368421, "recall": 0.037894736842105266, "f1-score": 0.0714995034756703, "support": 950}, "MASTER": {"precision": 0.3333333333333333, "recall": 0.0024752475247524753, "f1-score": 0.004914004914004914, "support": 808}, "PLATINUM": {"precision": 0.26297169811320753, "recall": 0.03837549475133368, "f1-score": 0.06697702357711369, "support": 5811}, "SILVER": {"precision": 0.36038625976706473, "recall": 0.4425235336712527, "f1-score": 0.39725359551474776, "support": 11048}, "micro avg": {"precision": 0.353487034713509, "recall": 0.353487034713509, "f1-score": 0.353487034713509, "support": 38256}, "macro avg": {"precision": 0.30008403220346413, "recall": 0.1504225478607021, "f1-score": 0.14169465824901206, "support": 38256}, "weighted avg": {"precision": 0.35514412134930207, "recall": 0.353487034713509, "f1-score": 0.30010294854386266, "support": 38256}}, "accuracy": 0.353487034713509}