{"train_time": {"start": 1688069833.9554746, "stop": 1688069834.714495}, "predict_time": {"start": 1688069834.7145019, "stop": 1688069834.9940484}, "metrics": {"BRONZE": {"precision": 0.43938091143594155, "recall": 0.09326519437853623, "f1-score": 0.15386931647094249, "support": 5479}, "CHALLENGER": {"precision": 0.0, "recall": 0.0, "f1-score": 0.0, "support": 0}, "DIAMOND": {"precision": 0.36486486486486486, "recall": 0.010424710424710425, "f1-score": 0.020270270270270268, "support": 2590}, "GOLD": {"precision": 0.33741032068458815, "recall": 0.6752291991005016, "f1-score": 0.44997118155619603, "support": 11562}, "GRANDMASTER": {"precision": 0.0, "recall": 0.0, "f1-score": 0.0, "support": 8}, "IRON": {"precision": 0.0, "recall": 0.0, "f1-score": 0.0, "support": 950}, "MASTER": {"precision": 0.0, "recall": 0.0, "f1-score": 0.0, "support": 808}, "PLATINUM": {"precision": 0.2737226277372263, "recall": 0.012906556530717605, "f1-score": 0.024650780608052588, "support": 5811}, "SILVER": {"precision": 0.35785682787005735, "recall": 0.4407132512671977, "f1-score": 0.394986614748114, "support": 11048}, "micro avg": {"precision": 0.3473703471350899, "recall": 0.3473703471350899, "f1-score": 0.3473703471350899, "support": 38256}, "macro avg": {"precision": 0.19702617251029758, "recall": 0.1369487679668515, "f1-score": 0.11597201818373058, "support": 38256}, "weighted avg": {"precision": 0.3345281933710306, "recall": 0.3473703471350899, "f1-score": 0.27721598159628785, "support": 38256}}, "accuracy": 0.3473703471350899}