{"train_time": {"start": 1688066337.1161425, "stop": 1688067447.2791293}, "predict_time": {"start": 1688067447.2791383, "stop": 1688067658.7330713}, "metrics": {"BRONZE": {"precision": 0.29708588957055215, "recall": 0.3535316663624749, "f1-score": 0.3228602383531961, "support": 5479}, "CHALLENGER": {"precision": 0.0, "recall": 0.0, "f1-score": 0.0, "support": 0}, "DIAMOND": {"precision": 0.1561694290976059, "recall": 0.3274131274131274, "f1-score": 0.2114713216957606, "support": 2590}, "GOLD": {"precision": 0.38839156800462027, "recall": 0.23265870956581905, "f1-score": 0.2909995672868888, "support": 11562}, "GRANDMASTER": {"precision": 0.0, "recall": 0.0, "f1-score": 0.0, "support": 8}, "IRON": {"precision": 0.17141089108910892, "recall": 0.5831578947368421, "f1-score": 0.2649450023912004, "support": 950}, "MASTER": {"precision": 0.1195369030390738, "recall": 0.5111386138613861, "f1-score": 0.19376026272577995, "support": 808}, "PLATINUM": {"precision": 0.22321585130633, "recall": 0.21906728618138013, "f1-score": 0.22112211221122113, "support": 5811}, "SILVER": {"precision": 0.39762143573577874, "recall": 0.2511766835626358, "f1-score": 0.307871526044267, "support": 11048}, "accuracy": 0.2742053534086156, "macro avg": {"precision": 0.19482577420478553, "recall": 0.27534933129818506, "f1-score": 0.20144778118981269, "support": 38256}, "weighted avg": {"precision": 0.32602077628945697, "recall": 0.2742053534086156, "f1-score": 0.2816750372347012, "support": 38256}}, "accuracy": 0.2742053534086156}