{"train_time": {"start": 1688066080.273724, "stop": 1688066107.656899}, "predict_time": {"start": 1688066107.6569016, "stop": 1688066119.5760763}, "metrics": {"BRONZE": {"precision": 0.29281585466556564, "recall": 0.32359919693374706, "f1-score": 0.30743887636552797, "support": 5479}, "CHALLENGER": {"precision": 0.0, "recall": 0.0, "f1-score": 0.0, "support": 0}, "DIAMOND": {"precision": 0.1598360655737705, "recall": 0.2861003861003861, "f1-score": 0.20509272073069473, "support": 2590}, "GOLD": {"precision": 0.3882759537418583, "recall": 0.252637951911434, "f1-score": 0.3061042703694, "support": 11562}, "GRANDMASTER": {"precision": 0.0, "recall": 0.0, "f1-score": 0.0, "support": 8}, "IRON": {"precision": 0.17316548971446116, "recall": 0.5936842105263158, "f1-score": 0.26812455431423815, "support": 950}, "MASTER": {"precision": 0.12104966139954854, "recall": 0.530940594059406, "f1-score": 0.19715073529411767, "support": 808}, "PLATINUM": {"precision": 0.2292273428130889, "recall": 0.23025296850800206, "f1-score": 0.22973901098901098, "support": 5811}, "SILVER": {"precision": 0.3949648077964266, "recall": 0.26412020275162923, "f1-score": 0.3165545671512258, "support": 11048}, "accuracy": 0.27927645336679213, "macro avg": {"precision": 0.1954816861894133, "recall": 0.2757039456434356, "f1-score": 0.20335608169046837, "support": 38256}, "weighted avg": {"precision": 0.3258439638742529, "recall": 0.27927645336679213, "f1-score": 0.28756664825831996, "support": 38256}}, "accuracy": 0.27927645336679213}