{"train_time": {"start": 1688073037.6795766, "stop": 1688073072.1989813}, "predict_time": {"start": 1688073072.1989813, "stop": 1688073072.2980092}, "metrics": {"BRONZE": {"precision": 0.40668523676880225, "recall": 0.26647198393867494, "f1-score": 0.3219759620685853, "support": 5479}, "CHALLENGER": {"precision": 0.0, "recall": 0.0, "f1-score": 0.0, "support": 0}, "DIAMOND": {"precision": 0.2621359223300971, "recall": 0.09382239382239382, "f1-score": 0.13818595393801533, "support": 2590}, "GOLD": {"precision": 0.36011373773416594, "recall": 0.558640373637779, "f1-score": 0.43792799511831315, "support": 11562}, "GRANDMASTER": {"precision": 0.0, "recall": 0.0, "f1-score": 0.0, "support": 8}, "IRON": {"precision": 0.5652173913043478, "recall": 0.1368421052631579, "f1-score": 0.22033898305084745, "support": 950}, "MASTER": {"precision": 0.3269230769230769, "recall": 0.04207920792079208, "f1-score": 0.07456140350877194, "support": 808}, "PLATINUM": {"precision": 0.27995937711577523, "recall": 0.1423162966787128, "f1-score": 0.18870507701083855, "support": 5811}, "SILVER": {"precision": 0.37922493008389935, "recall": 0.42958001448225924, "f1-score": 0.4028349531044434, "support": 11048}, "micro avg": {"precision": 0.3633155583437892, "recall": 0.3633155583437892, "f1-score": 0.36331555834378926, "support": 38256}, "macro avg": {"precision": 0.2866955191400183, "recall": 0.18552804174930776, "f1-score": 0.19828114753331277, "support": 38256}, "weighted avg": {"precision": 0.3578112406590682, "recall": 0.3633155583437892, "f1-score": 0.3398678588658626, "support": 38256}}, "accuracy": 0.3633155583437892}