{"train_time": {"start": 1688066073.7808828, "stop": 1688066080.1870306}, "predict_time": {"start": 1688066080.1870368, "stop": 1688066080.211047}, "metrics": {"BRONZE": {"precision": 0.4017188799556418, "recall": 0.26446431830626027, "f1-score": 0.3189522342064715, "support": 5479}, "CHALLENGER": {"precision": 0.0, "recall": 0.0, "f1-score": 0.0, "support": 0}, "DIAMOND": {"precision": 0.2905263157894737, "recall": 0.10656370656370656, "f1-score": 0.1559322033898305, "support": 2590}, "GOLD": {"precision": 0.3629319608619422, "recall": 0.5550077841203944, "f1-score": 0.43887426050678796, "support": 11562}, "GRANDMASTER": {"precision": 0.0, "recall": 0.0, "f1-score": 0.0, "support": 8}, "IRON": {"precision": 0.5603448275862069, "recall": 0.1368421052631579, "f1-score": 0.21996615905245348, "support": 950}, "MASTER": {"precision": 0.2972972972972973, "recall": 0.04084158415841584, "f1-score": 0.07181719260065289, "support": 808}, "PLATINUM": {"precision": 0.28552588196505113, "recall": 0.14902770607468593, "f1-score": 0.195838986883763, "support": 5811}, "SILVER": {"precision": 0.37604809365606706, "recall": 0.43030412744388125, "f1-score": 0.4013507809202195, "support": 11048}, "micro avg": {"precision": 0.3639951902969469, "recall": 0.3639951902969469, "f1-score": 0.36399519029694694, "support": 38256}, "macro avg": {"precision": 0.28604369523463113, "recall": 0.18700570354783358, "f1-score": 0.20030353528446432, "support": 38256}, "weighted avg": {"precision": 0.3590551619064128, "recall": 0.3639951902969469, "f1-score": 0.34151003296438964, "support": 38256}}, "accuracy": 0.3639951902969469}