{"train_time": {"start": 1688066287.248128, "stop": 1688066303.1970646}, "predict_time": {"start": 1688066303.197068, "stop": 1688066303.231576}, "metrics": {"BRONZE": {"precision": 0.42623873873873874, "recall": 0.27632779704325605, "f1-score": 0.33528955818846196, "support": 5479}, "CHALLENGER": {"precision": 0.0, "recall": 0.0, "f1-score": 0.0, "support": 0}, "DIAMOND": {"precision": 0.2813688212927757, "recall": 0.11428571428571428, "f1-score": 0.16254805052169138, "support": 2590}, "GOLD": {"precision": 0.36984459859117064, "recall": 0.59487977858502, "f1-score": 0.4561159189628304, "support": 11562}, "GRANDMASTER": {"precision": 0.0, "recall": 0.0, "f1-score": 0.0, "support": 8}, "IRON": {"precision": 0.5477031802120141, "recall": 0.1631578947368421, "f1-score": 0.25141930251419303, "support": 950}, "MASTER": {"precision": 0.3778801843317972, "recall": 0.10148514851485149, "f1-score": 0.15999999999999998, "support": 808}, "PLATINUM": {"precision": 0.31389452332657203, "recall": 0.10652211323352263, "f1-score": 0.15906462803546192, "support": 5811}, "SILVER": {"precision": 0.392434236668521, "recall": 0.44695872556118754, "f1-score": 0.41792560619525204, "support": 11048}, "micro avg": {"precision": 0.37855499790882474, "recall": 0.37855499790882474, "f1-score": 0.37855499790882474, "support": 38256}, "macro avg": {"precision": 0.30104047590684324, "recall": 0.20040190799559934, "f1-score": 0.21581811826865455, "support": 38256}, "weighted avg": {"precision": 0.3744654505833069, "recall": 0.37855499790882474, "f1-score": 0.35135294289423114, "support": 38256}}, "accuracy": 0.37855499790882474}