{"train_time": {"start": 1688066071.9328399, "stop": 1688066073.708126}, "predict_time": {"start": 1688066073.7081316, "stop": 1688066073.72563}, "metrics": {"BRONZE": {"precision": 0.4243930973968997, "recall": 0.2648293484212447, "f1-score": 0.326140705776579, "support": 5479}, "CHALLENGER": {"precision": 0.0, "recall": 0.0, "f1-score": 0.0, "support": 0}, "DIAMOND": {"precision": 0.29301075268817206, "recall": 0.12625482625482626, "f1-score": 0.17647058823529413, "support": 2590}, "GOLD": {"precision": 0.36861748160969277, "recall": 0.5894308943089431, "f1-score": 0.4535773710482529, "support": 11562}, "GRANDMASTER": {"precision": 0.0, "recall": 0.0, "f1-score": 0.0, "support": 8}, "IRON": {"precision": 0.5263157894736842, "recall": 0.16842105263157894, "f1-score": 0.2551834130781499, "support": 950}, "MASTER": {"precision": 0.31100478468899523, "recall": 0.08044554455445545, "f1-score": 0.127826941986234, "support": 808}, "PLATINUM": {"precision": 0.3023037141513869, "recall": 0.11065221132335226, "f1-score": 0.1620055429579239, "support": 5811}, "SILVER": {"precision": 0.3871992376717224, "recall": 0.44134685010861696, "f1-score": 0.4125037011970729, "support": 11048}, "micro avg": {"precision": 0.3747647427854454, "recall": 0.3747647427854454, "f1-score": 0.3747647427854454, "support": 38256}, "macro avg": {"precision": 0.29031609529783925, "recall": 0.19793119195589087, "f1-score": 0.21263425158661187, "support": 38256}, "weighted avg": {"precision": 0.36940241737847274, "recall": 0.3747647427854454, "f1-score": 0.3485128823463526, "support": 38256}}, "accuracy": 0.3747647427854454}